Название,Цена,Ссылка
Люстра Ливсден Brown,16 790,/perm/product/lyustra-livsden-brown
Подвесной светильник Ливсден Brown,4190,/perm/product/podvesnoj-svetilnik-livsden-brown
Настольная лампа Ливсден Brown,7340,/perm/product/nastolnaya-lampa-livsden-brown
Торшер Ливсден Brown,12 590,/perm/product/torsher-livsden-brown
Бра Флиммер Black,1780,/perm/product/bra-flimmer-black
Люстра Флиммер Black,8390,/perm/product/lyustra-flimmer-black
Подвесной светильник Флиммер Black,1990,/perm/product/podvesnoj-svetilnik-flimmer-black
,,/perm/category/promo-present
Настольная лампа Флиммер Black,3140,/perm/product/nastolnaya-lampa-flimmer-black
Торшер Флиммер Black,4190,/perm/product/torsher-flimmer-black
Торшер Нидлс Khaki,15 740,/perm/product/torsher-nidls-khaki
Настольная лампа Нидлс Raffia Beige,3880,/perm/product/nastolnaya-lampa-nidls-raffia-beige
Люстра Гейза Black,10 490,/perm/product/lyustra-gejza-black
Настольная лампа Гейза Black,4190,/perm/product/nastolnaya-lampa-gejza-black
,,https://www.divan.ru/vladimir/landing/kamchatka
Настольная лампа Гейза Pink,4190,/perm/product/nastolnaya-lampa-gejza-pink
Настольная лампа Гейза Blue,4190,/perm/product/nastolnaya-lampa-gejza-blue
Настольная лампа Гейза Orange,4190,/perm/product/nastolnaya-lampa-gejza-orange
Настольная лампа Алней Black,4190,/perm/product/nastolnaya-lampa-alnej-black
Настольная лампа Алней Beige,4190,/perm/product/nastolnaya-lampa-alnej-beige
Настольная лампа Алней Green,4190,/perm/product/nastolnaya-lampa-alnej-green
Настольная лампа Алней Orange,3770,/perm/product/nastolnaya-lampa-alnej-orange
Торшер Алней Green,8390,/perm/product/torsher-alnej-green
,,https://divanru.petrovich.ru/
Торшер Алней Black,6290,/perm/product/torsher-alnej-black
Торшер Алней Orange,8390,/perm/product/torsher-alnej-orange
Торшер Алней Beige,8390,/perm/product/torsher-alnej-beige
Настольная лампа Арбет Orange,2510,/perm/product/nastolnaya-lampa-arbet-orange
Настольная лампа Арбет Silver,3140,/perm/product/nastolnaya-lampa-arbet-silver
Настольная лампа Арбет Beige,2510,/perm/product/nastolnaya-lampa-arbet-beige
Настольная лампа Арбет White,2510,/perm/product/nastolnaya-lampa-arbet-white
Настольная лампа Арбет Black,2090,/perm/product/nastolnaya-lampa-arbet-black
Настольная лампа Синдри Grey,4190,/perm/product/nastolnaya-lampa-sindri-grey
Люстра Синдри Black,14 690,/perm/product/lyustra-sindri-black
Настольная лампа Манэт White,2090,/perm/product/nastolnaya-lampa-manet-white
Настольная лампа Леррет Beige,4190,/perm/product/nastolnaya-lampa-lerret-beige
Настольная лампа Леррет White,2410,/perm/product/nastolnaya-lampa-lerret-white
Настольная лампа Истад Black,1780,/perm/product/nastolnaya-lampa-istad-black
Настольная лампа Истад White,1780,/perm/product/nastolnaya-lampa-istad-white
Люстра Боллар White,24 140,/perm/product/lyustra-bollar-white
Настольная лампа Рибе Black,1990,/perm/product/nastolnaya-lampa-ribe-black
Настольная лампа Рибе Orange,1990,/perm/product/nastolnaya-lampa-ribe-orange
Настольная лампа Снибальд White,830,/perm/product/nastolnaya-lampa-snibald-white
Настольная лампа Спайк Pink,1460,/perm/product/nastolnaya-lampa-spajk-pink
Настольная лампа Спайк White,1460,/perm/product/nastolnaya-lampa-spajk-white
Настольная лампа Астри Black,1360,/perm/product/nastolnaya-lampa-astri-black
Настольная лампа Астри Beige,1460,/perm/product/nastolnaya-lampa-astri-beige
Настольная лампа Спайк Green,1040,/perm/product/nastolnaya-lampa-spajk-green
Подвесной светильник Клауд White,11 540,/perm/product/podvesnoj-svetilnik-klaud-white
Торшер Клауд White,19 210,/perm/product/torsher-klaud-white
Настольная лампа Клауд White,16 790,/perm/product/nastolnaya-lampa-klaud-white
